{"cs_italy":[{"viewangles":[7.5722131729126,-90.180603027344],"duck":true,"position":[698.08172607422,2492.0034179688,58.74600982666],"name":["Long","Long Dormant 1W"],"weapon":"weapon_wallbang"}],"de_pitstop":[{"viewangles":[-19.910093307495,21.475454330444],"duck":true,"position":[70.012565612793,-16.029001235962,32.53125],"name":["1","1"],"weapon":"weapon_wallbang"}],"de_mirage":[{"viewangles":[-3.3450059890747,-38.991920471191],"duck":true,"position":[-1711.4532470703,-848.2255859375,-165.96875],"name":["Palace","Dormant"],"weapon":"weapon_wallbang"}],"de_overpass":[{"name":["Barrels","Dormant"],"viewangles":[7.892315864563,81.195152282715],"position":[-1178.1572265625,-2090.4086914062,336.03125],"weapon":"weapon_wallbang"}]}
